Cluster_Topic_Id,Keywords_Cluster_KeyBert,Count_Posts_Facebook,Count_Unique_User_Id_Facebook,Set_User_Id_Facebook,Count_Posts_Instagram,Count_Unique_User_Id_Instagram,Set_User_Id_Instagram,Count_Posts_YouTube,Count_Unique_User_Id_YouTube,Set_User_Id_YouTube,Count_Posts_Twitter,Count_Unique_User_Id_Twitter,Set_User_Id_Twitter,Count_Posts_Telegram,Count_Unique_User_Id_Telegram,Set_User_Id_Telegram,Count_Unique_Cluster_User_Id,Count_Cluster_Posts,Original_Count(To_verify)
0,"['donatelife', 'donatelifevt org', 'donate life', 'donatelifemonth', 'donatelifevt', 'donatelife rt', 'today donatelife', 'donatelifecdt', 'rt donatelifecdt', 'donatelifeco']",11,9,"{'100063747933892', '100063701144816', '100063667595963', '100064287213636', '61556071432072', '100063871602881', '100050225240833', '100063522489879', '100063952714023'}",49,9,"{'31106924641', '6672372001', '12586824588', '42773412485', '34324366', '225193095', '18268291', '8554101042', '3195918348'}",11,11,"{'C8g9Y6Z9HG0', 'zbueGgTutl4', 'UAAXNW0_9qA', 'B6T5t3Q2b8U', 'oo1CCSBHO20', 'bvnabiI1YfQ', '9GWlLebNDw8', 'bqt2X_3bUOY', 'Q_QQx6lnt7E', 'OGUgQo2h68o', 'NH9uAXFqXm4'}",1209,45,"{'74464632', '298744875', '41668173', '816282120767291392', '4150848041', '1163541022288334848', '1393233232699789316', '4353321041', '244112880', '74753359', '226995027', '41905308', '1509592296', '1002973057726779398', '153805750', '1275666149510963202', '2798759391', '1126977006', '55261930', '24335226', '106438553', '770678672', '19736257', '16898857', '19668491', '935173663174905856', '4824224591', '926482707932241920', '1466298729640591361', '32837201', '84555566', '18029079', '1431769767577149452', '72198806', '24611712', '210821882', '887004684938084354', '305797406', '732553075', '1435935164811681796', '17924595', '1390045662', '21372665', '1196503896073670656', '454138567'}",2,2,"{'https://telemetr.io/en/channels/1131473833-gamedevjobs', 'https://telemetr.io/en/channels/2012943229-fightposting'}",76,1282,1282
3,"['donate today', 'donatenow', 'donation today', 'make donation', 'donate', 'll donate', 'donations', 'donation help', 'donation', 'haven donated']",12,11,"{'100057937904915', '100063667595963', '100063644254824', '100047190765585', '100079880086076', '100071530598334', '100064759538487', '100071271340383', '100077134855660', '100067303345443', '100057612842528'}",120,12,"{'220258927', '31106924641', '6672372001', '12586824588', '42773412485', '34324366', '225193095', '18268291', '13800157', '8554101042', '3195918348', '50758863013'}",8,8,"{'yXGr-5En8L4', 'cl45rDVBppw', '73Uc8Z4d2FI', '5tabnGFYJBE', 'vMXaekRh2U4', 'DBDkj_txo_o', '_hg4TO56rQk', 'OY_aRJ3ZSKI'}",810,153,"{'1383921575615885314', '880583078845992960', '89172148', '137124405', '1049465747653582848', '1120324746', '4026518639', '17676022', '99182109', '61705043', '226995027', '1509592296', '1650155116777951233', '35900933', '72565586', '153805750', '1328539790', '989567996904357888', '1390903724550156288', '27326924', '367308026', '24335226', '88701664', '83609765', '240813683', '301520162', '172909628', '44347471', '1215497253495816193', '116987275', '1855694533', '18029079', '3229471058', '101889708', '777878930413932549', '159367435', '72056536', '145973349', '74464632', '183796269', '82359475', '1319534929', '1163541022288334848', '4353321041', '2898149812', '50654477', '1275666149510963202', '1442443141022318594', '139234811', '495532074', '335921177', '2565762702', '4673902993', '2679149100', '1328435900527767554', '636123842', '1457917040983937031', '72198806', '3063996411', '1131600862118338561', '17211751', '732553075', '17924595', '290877784', '34065272', '832997779', '298744875', '510931552', '284845544', '41668173', '191445463', '1349430976917733377', '1525009211369082880', '2926980526', '19444865', '937425368', '244112880', '1382295550872141828', '1364818926694109185', '704723372', '768653585911455744', '1251710414452219904', '823893227216470016', '1431825114', '111544641', '439348486', '4132926754', '16729099', '62215517', '1045542522', '770678672', '3323778494', '902822790', '19736257', '1473752400733290498', '1382776278542077957', '76366594', '17108205', '1653819918977216513', '116776616', '1161107215', '768137317504647168', '2903285195', '15780003', '44159391', '801570646157393920', '1061677761012662274', '1196503896073670656', '337931779', '816282120767291392', '1330601054862536706', '4150848041', '1429495042696269829', '29334354', '907847521556471813', '2764572990', '1393233232699789316', '19379076', '33405683', '529334800', '21642672', '25573213', '193414620', '709396233664729088', '491444555', '1443642477043494915', '2956363464', '2798759391', '1126977006', '1434855791308193796', '29561493', '84495877', '19668491', '472315803', '1304447544576167942', '39766020', '20106770', '1059366169847701504', '571025499', '434453732', '926482707932241920', '1147093106069626880', '54203535', '1431769767577149452', '1355164945323683841', '210821882', '233021404', '305797406', '21372665', '1023928763002888193', '96746102', '550529673', '146115076'}",1,1,{'https://telemetr.io/en/channels/1566703919-frogycalls'},185,951,951
2,"['nonprofit', 'animals need', 'k9s', 'fundraiser', 'donations', 'donation', 'vet', 'k9', 'donate', 'help fundraising']",63,33,"{'61554102128027', '100077581116123', '61550754151327', '100070841424559', '61555718670623', '100053949473574', '100064310545258', '100064919792869', '100064911631445', '100069316607969', '100063700893594', '100064718139023', '100063836412271', '100063996761924', '100064761516461', '100064786926837', '100064930530747', '100064518891228', '100064637861617', '100093059950701', '100063667595963', '100064260176576', '100091307329213', '100064653075365', '100064808679790', '100044245938469', '100064585068317', '100064504853681', '100091725639667', '100068672916252', '100068769505268', '100067470891222', '100064584736042'}",497,45,"{'7545848711', '48311043260', '12586824588', '37421360', '426930934', '221350391', '311326714', '3521287788', '383088475', '62473909178', '220258927', '31149514', '31106924641', '40138370214', '490660973', '62409315873', '409347718', '13800157', '4618303837', '58455088419', '270894642', '64053909150', '42773412485', '34324366', '199805942', '8554101042', '5850406045', '3195918348', '10723109', '50758863013', '451626599', '6672372001', '5622413587', '527117560', '216823538', '225193095', '7385649383', '18268291', '3017824962', '11198256754', '3988156745', '14982644485', '3233035848', '5481419375', '5349682054'}",17,17,"{'Y_bEljQEFNA', 'Gbh_iTz2JjM', 'eHxpqS-YBdM', 'WUBMPqzBL6I', 's2pywKhngzA', 'hCjQL9sBSQA', '-pza8fv40b4', 'pirWgxxWXVA', 'gZvoTFhnOWI', 'OVTWjbg5o3I', 'M_PPYI0X4k4', 'LeshgkkO7HE', 'xpeSPMhcoiE', '5xStv-oE_d0', 'YOBv-u2-bss', '2uabwdYMzVk', '2b5YdK8Nzzw'}",102,30,"{'74464632', '284845544', '337931779', '816282120767291392', '435055396', '91416716', '1393233232699789316', '1364818926694109185', '25573213', '491444555', '1443642477043494915', '2798759391', '2260491445', '1442443141022318594', '1045542522', '1584144228329857024', '770678672', '1442158490324140035', '19736257', '1445003279230963728', '1304447544576167942', '39766020', '1161107215', '926482707932241920', '44159391', '1355164945323683841', '210821882', '122068746', '72056536', '1435935164811681796'}",0,0,set(),125,679,679
1,"['help donation', 'need donation', 'donation tonight', 'need groceries', 'aid fundraiser', 'donation match', 'donations', 'groceries 50', 'donation', 'today donation']",10,5,"{'100090262355733', '100063667595963', '100063479291085', '100044495141406', '100056007833992'}",49,16,"{'220258927', '31106924641', '6672372001', '12586824588', '42773412485', '34324366', '225193095', '18268291', '13800157', '221350391', '199805942', '8554101042', '3195918348', '10723109', '311326714', '50758863013'}",4,4,"{'mYizhwpTxCA', 'lBY-1f97se4', 'VRhCS4oTAZU', 't0r6xJ-BLr0'}",472,32,"{'10336652', '1383921575615885314', '298744875', '337931779', '82359475', '19444865', '99182109', '907847521556471813', '244112880', '1364818926694109185', '35900933', '768653585911455744', '50654477', '1290299574', '2798759391', '1045542522', '24335226', '770678672', '88701664', '40270657', '19736257', '335921177', '39766020', '20106770', '54203535', '44159391', '801570646157393920', '34065272', '1061677761012662274', '1196503896073670656', '550529673', '145973349'}",0,0,set(),57,535,535
4,"['donate sharjah', 'link sharjah', 'link uae', 'thebigheartuae sharjah', 'shj uae', 'thebigheartuae donations', 'gap donate', 'donate link', 'support donate', 'thebigheartuae donatenow']",24,14,"{'100064379661732', '100064944094649', '100064334843765', '100068058084421', '100064493721816', '100063667595963', '100064656371140', '100083153569527', '100069416839136', '100064348103226', '100071960765227', '100064531936128', '100093324527783', '100094014815659'}",114,12,"{'220258927', '31106924641', '6672372001', '12586824588', '42773412485', '34324366', '225193095', '18268291', '13800157', '8554101042', '3195918348', '50758863013'}",6,6,"{'0OyqmeB4POU', '3jVBu43VGW8', '5TCxpiutAg8', '74Jj3S5Kri8', 'YIpxpPHQBFc', 'VpJ4AjsYp4A'}",330,26,"{'1383921575615885314', '337931779', '877807935493033984', '1525009211369082880', '907847521556471813', '244112880', '74753359', '19397942', '1509592296', '1002973057726779398', '1470567816352915458', '1431825114', '2260491445', '1442443141022318594', '83609765', '280089842', '19736257', '3246140250', '571025499', '116987275', '1855694533', '1328435900527767554', '1466298729640591361', '3241784956', '732553075', '1127125185096761349'}",2,1,{'https://telemetr.io/en/channels/1134669863-doctorfasil'},59,476,476
12,"['donate gently', 'donation center', 'donateitems', 'donating', 'donate', 'pennywise resale', 'donations', 'donation', 'like donate', 'donate today']",6,6,"{'100042175465702', '100090262355733', '100057379003033', '100090600882162', '100063505392548', '100038066414007'}",132,24,"{'12586824588', '37421360', '426930934', '221350391', '311326714', '383088475', '62473909178', '220258927', '31106924641', '13800157', '42773412485', '34324366', '199805942', '8554101042', '5850406045', '3195918348', '10723109', '50758863013', '6672372001', '225193095', '18268291', '3017824962', '3233035848', '5349682054'}",7,7,"{'JU044K_yCvU', 'TSkccYtxMgQ', 'kv8VJWIb80s', '_tIYrjBEczE', '4s3DFmPHxcY', 'JDX82Os0fZI', 'uQCoCFNkrfo'}",282,43,"{'1383921575615885314', '589883314', '298744875', '337931779', '41668173', '82359475', '4026518639', '1163541022288334848', '19444865', '91416716', '33405683', '19379076', '2898149812', '704723372', '25573213', '823893227216470016', '486534404', '491444555', '2798759391', '2352467130', '40249956', '16729099', '1045542522', '770678672', '83609765', '29561493', '19736257', '335921177', '19668491', '20106770', '172909628', '76366594', '17108205', '1161107215', '768137317504647168', '2903285195', '54203535', '101889708', '210821882', '1478304398', '1061677761012662274', '1196503896073670656', '96746102'}",0,0,set(),80,427,427
5,"['donations salvation', 'donate salvation', 'salvation army', 'making donation', 'donations', 'donation', 'donate', 'relief efforts', 'donation just', 'salvationarmyus']",4,3,"{'729143073', '100070660025256', '100063667595963'}",29,20,"{'12586824588', '188530008', '3179360396', '31106924641', '3311889252', '25142358624', '1686365270', '45362928008', '42773412485', '197579536', '34324366', '8554101042', '3195918348', '56263569411', '46160568072', '6672372001', '225193095', '18268291', '8977038079', '5567130125'}",8,8,"{'a0oBv0nVdyE', '36rTVi9wHD0', 'kI5IiWrF42M', 'zpVRx505C9w', 'yk10ziKkzaE', 'iuYErs6kzpU', 'X7yIvHSosPw', 'XX5RYJs1hLQ'}",385,56,"{'1383921575615885314', '96746102', '298744875', '337931779', '41668173', '816282120767291392', '1049465747653582848', '137124405', '82359475', '2926980526', '4026518639', '19444865', '937425368', '19379076', '74753359', '19397942', '1509592296', '72565586', '25573213', '153805750', '1257039208277069824', '50654477', '388500413', '491444555', '1290299574', '2798759391', '1442443141022318594', '16729099', '1126977006', '1045542522', '770678672', '1434855791308193796', '83609765', '19736257', '16898857', '19668491', '335921177', '146115076', '39766020', '1161107215', '768137317504647168', '926482707932241920', '1466298729640591361', '2903285195', '54203535', '3241784956', '44159391', '72198806', '887004684938084354', '210821882', '34065272', '52406934', '1196503896073670656', '454138567', '550529673', '145973349'}",0,0,set(),87,426,426
6,"['child wish', 'make wish', 'wishes children', 'make wishes', 'grant wishes', 'donation makeawish', 'wish kids', 'donation make', 'wishes kids', 'donate makeawish']",9,7,"{'100063667595963', '100063589570049', '100060284378512', '61553480295605', '100064544903322', '100039496489871', '100079283511827'}",30,17,"{'31106924641', '6672372001', '12586824588', '42773412485', '37421360', '34324366', '3233035848', '225193095', '18268291', '3017824962', '62473909178', '426930934', '8554101042', '5850406045', '3195918348', '5349682054', '383088475'}",1,1,{'x34tFCjNsuw'},342,29,"{'510931552', '337931779', '816282120767291392', '1049465747653582848', '82359475', '1163541022288334848', '907847521556471813', '2764572990', '19379076', '1509592296', '25573213', '193414620', '2956363464', '2798759391', '16729099', '1045542522', '19736257', '935173663174905856', '39766020', '571025499', '1855694533', '926482707932241920', '2161062757', '2903285195', '211371663', '210821882', '1478304398', '1196503896073670656', '145973349'}",0,0,set(),54,382,382
13,"['donations veterans', 'veterans thankful', 'supporting veterans', 'donations pantry', 'food donations', 'veterans need', 'veterans thank', 'help veterans', 'homeless veterans', 'veterans families']",3,2,"{'100079880086076', '100063667595963'}",31,15,"{'220258927', '383088475', '12586824588', '42773412485', '37421360', '62473909178', '18268291', '3017824962', '13800157', '426930934', '3233035848', '5850406045', '3195918348', '5349682054', '50758863013'}",9,9,"{'kjPGbTgNSw4', 'Zz6ybg2in-I', 'PDQbOvp40ho', 'UUvFU2DnC9Q', 'u4J7au3V9Ww', 'mdA4RTYKQAQ', '3gNLmAlSnNY', 'z__L2ZkWU4k', 'xrNH-IBDcf8'}",251,43,"{'74464632', '337931779', '816282120767291392', '1171060303011962880', '82359475', '4026518639', '4150848041', '29334354', '99182109', '33405683', '937425368', '91416716', '2898149812', '704723372', '72565586', '25573213', '50654477', '491444555', '2956363464', '2798759391', '16729099', '1126977006', '1045542522', '83609765', '19736257', '335921177', '19668491', '39766020', '1161107215', '1855694533', '768137317504647168', '2903285195', '54203535', '44159391', '210821882', '122068746', '290877784', '34065272', '1061677761012662274', '1196503896073670656', '96746102', '550529673', '145973349'}",0,0,set(),69,294,294
8,"['telegram video', 'video unavailable', '–∞–Ω–∞—Å—Ç–∞—Å–∏–∑', '—Ä–æ–¥–∏—Ç–µ–ª–∏', 'analytics –º—É–∑—ã–∫–∞', '–∞–ª–µ–∫—Å–∞–Ω–¥—Ä –ª–æ—Å–µ–≤', 'mb –∏–≥—Ä–∞', '–º—É–∑—ã–∫–∞', '–∞–ª–µ–∫—Å–∞–Ω–¥—Ä', 'analytics –∞–ª–µ–∫—Å–∞–Ω–¥—Ä']",0,0,set(),2,2,"{'8554101042', '12586824588'}",1,1,{'G1S6YBxKZQo'},0,0,set(),284,64,"{'https://telemetr.io/en/channels/1525866987-dikiidanik', 'https://telemetr.io/en/channels/1320216055-pediatric_uz', 'https://telemetr.io/en/channels/1832102868', 'https://telemetr.io/en/channels/1870713804-TzhVEnVepbE2ZWU6', 'https://telemetr.io/en/channels/2009303448-wylsacomredss', 'https://telemetr.io/en/channels/1787456164-psycho_pharmacologist', 'https://telemetr.io/en/channels/1707143005-a_kuzichev', 'https://telemetr.io/en/channels/1366346975-oleg_blokhin', 'https://telemetr.io/en/channels/1396433804-fatimakhadueva369', 'https://telemetr.io/en/channels/1468546663-leefbewustnederland', 'https://telemetr.io/en/channels/1739117669-bralnm7ps', 'https://telemetr.io/en/channels/1957510026-yaxshilikga', 'https://telemetr.io/en/channels/1564349671-kreginaaaa', 'https://telemetr.io/en/channels/1605847580-mnvZiZ8bBB1jMjIy', 'https://telemetr.io/en/channels/1342300853-zimatv', 'https://telemetr.io/en/channels/1696487516-f6I6tjtIlMcyM2Q6', 'https://telemetr.io/en/channels/1286768378-decheance', 'https://telemetr.io/en/channels/1399529584-raevskiy_live', 'https://telemetr.io/en/channels/1003740416-kashinguru', 'https://telemetr.io/en/channels/1820435526-planetbibizyan', 'https://telemetr.io/en/channels/1417888931', 'https://telemetr.io/en/channels/1252754444', 'https://telemetr.io/en/channels/1152455706-mete0ra', 'https://telemetr.io/en/channels/1306302985-gifki_anime', 'https://telemetr.io/en/channels/1881979256-netvoyotelo', 'https://telemetr.io/en/channels/1620209634-YXQpQOO1H1QyOGVi', 'https://telemetr.io/en/channels/1942371998-rogerxaxaxa', 'https://telemetr.io/en/channels/1123885332-parslivres', 'https://telemetr.io/en/channels/2111383659-sbFnAG-Jly9mNzky', 'https://telemetr.io/en/channels/1679982447-mestb_dobroj_voli', 'https://telemetr.io/en/channels/1619203889-sadovyygid', 'https://telemetr.io/en/channels/1634214154-rostok_pitomnik', 'https://telemetr.io/en/channels/1473208008-V89eyOHN3JahCkVJ', 'https://telemetr.io/en/channels/1304726139-potomstvenniy', 'https://telemetr.io/en/channels/1317068049-geography_trophy', 'https://telemetr.io/en/channels/1615251793-tomlausen', 'https://telemetr.io/en/channels/1539288756-igor_medov', 'https://telemetr.io/en/channels/1616738774-slavicrod', 'https://telemetr.io/en/channels/1475096946-forkidsfuture', 'https://telemetr.io/en/channels/1978105560-UGluPffN_lUyN2Iy', 'https://telemetr.io/en/channels/1910046289-Ey5Zby_3r9o0NWYy', 'https://telemetr.io/en/channels/1676791446-letrachetllllll', 'https://telemetr.io/en/channels/1658118535-losevlive', 'https://telemetr.io/en/channels/1577177753-SrOy25rx6kU1M2My', 'https://telemetr.io/en/channels/1618329606-egorikvtge', 'https://telemetr.io/en/channels/1213346929-explosivemikechannel', 'https://telemetr.io/en/channels/2080276403-cryptodiaryx', 'https://telemetr.io/en/channels/1292866766-volodymyrzolkin', 'https://telemetr.io/en/channels/1696332580-FEvZ2nVKn8U0NzRi', 'https://telemetr.io/en/channels/1607782593-tkachuk_aliaksey', 'https://telemetr.io/en/channels/1984316055-esoteric_meetings_8channel', 'https://telemetr.io/en/channels/1594606318-lenina1977', 'https://telemetr.io/en/channels/2075709730-Pnjsm0UjkLY3ZGMy', 'https://telemetr.io/en/channels/1243786658-cbUY6jTCuXIwNzIy', 'https://telemetr.io/en/channels/1849286586-akhmad1408', 'https://telemetr.io/en/channels/1443592630-pedalzaotvagu', 'https://telemetr.io/en/channels/1839282843-l66C_w7N5Ww0NWU1', 'https://telemetr.io/en/channels/1679983145-onastaasis', 'https://telemetr.io/en/channels/1361657579-casandooverbo', 'https://telemetr.io/en/channels/1497691084-e4KhI-0onLMzYTEy', 'https://telemetr.io/en/channels/1801404831-kinofromirm', 'https://telemetr.io/en/channels/1462667851-persdag', 'https://telemetr.io/en/channels/1189243412-mihaylets_pro', 'https://telemetr.io/en/channels/1742476210-musica8daudi'}",67,287,287
9,"['grey donation', 'donate support', 'national cancer', 'greymatterstofirefighters', 'grey matters', 'donate brain', 'donate', 'research donate', 'join donate', 'donate directly']",8,7,"{'100083046505303', '100064108720016', '100093139795888', '100064858891456', '100065171214219', '100048098630161', '100070660025256'}",28,18,"{'451626599', '31106924641', '270894642', '6672372001', '12586824588', '42773412485', '62409315873', '216823538', '34324366', '225193095', '18268291', '11198256754', '3988156745', '14982644485', '8554101042', '3195918348', '58455088419', '31149514'}",3,3,"{'VhPkCZ3o1-Q', 'YDf2J0DDP_I', 'xji48yvzAZY'}",226,8,"{'337931779', '566918257', '4026518639', '1356545831487340545', '29334354', '19379076', '4353321041', '1126977006'}",0,0,set(),36,265,265
32,"['community giving', 'helping community', 'studentsgivingback', 'community donated', 'donations school', 'donation', 'donations organizations', 'givingback', 'food drive', 'helpingothers']",5,4,"{'100076270081744', '100093870837162', '100063667595963', '100064818213326'}",198,17,"{'31106924641', '6672372001', '12586824588', '42773412485', '37421360', '34324366', '3233035848', '225193095', '18268291', '3017824962', '62473909178', '426930934', '8554101042', '5850406045', '3195918348', '5349682054', '383088475'}",0,0,set(),62,24,"{'137124405', '1049465747653582848', '82359475', '4026518639', '2764572990', '2898149812', '704723372', '529334800', '1509592296', '25573213', '193414620', '50654477', '16729099', '1126977006', '1045542522', '83609765', '19736257', '16898857', '19668491', '335921177', '76366594', '1855694533', '54203535', '1196503896073670656'}",0,0,set(),45,265,265
15,"['donate ctct', 'ctct', 'visit donate', 'rely donations', 'donation', 'donate', 'texting ctct', '10 donations', 'donations', 'donate today']",3,3,"{'100064780806084', '100064334843765', '100093402830207'}",48,16,"{'31106924641', '6672372001', '12586824588', '42773412485', '37421360', '34324366', '3233035848', '225193095', '18268291', '3017824962', '426930934', '8554101042', '5850406045', '3195918348', '5349682054', '383088475'}",8,8,"{'X3t7EhGhG8g', 'esyot28ZrhY', 'xRmQGleqfH8', 'hsPMCa8VKxo', 'WkcsnAny4Cw', 'Sn9Fz0Y54a8', 'HGEpyE2wYnE', 'JVElfuSaghM'}",169,23,"{'137124405', '1120324746', '19444865', '2898149812', '19397942', '529334800', '25573213', '50654477', '280044075', '2798759391', '16729099', '1126977006', '1045542522', '83609765', '19668491', '2161362860', '926482707932241920', '3241784956', '72198806', '21372665', '1061677761012662274', '1196503896073670656', '23478246'}",0,0,set(),50,228,228
11,"['aditya_daily_online_trading_mone', 'successfully investment', 'trading investment', 'deposit', 'paytm', 'investment', 'bank transfer', 'online trading', 'zero_to_sr_stocks_gap_up_trading', 'invest']",0,0,set(),0,0,set(),1,1,{'cGMpQ6QjeNY'},0,0,set(),220,20,"{'https://telemetr.io/en/channels/2022133331-J3xatLcc6cc2MzVl', 'https://telemetr.io/en/channels/1568629614-zero_to_sr_stocks_gap_up_trading', 'https://telemetr.io/en/channels/1290946519-B6vuPq7yLCo2NDcy', 'https://telemetr.io/en/channels/1602236777-pm_small_trader_sb', 'https://telemetr.io/en/channels/2085966008', 'https://telemetr.io/en/channels/1314487694-ninja_calls1', 'https://telemetr.io/en/channels/1950542560-indian_trader_maker_money_craypt', 'https://telemetr.io/en/channels/2043834545-0Rm0oHoCWIYxMjhl', 'https://telemetr.io/en/channels/2035051617-tradewithsunil_sunil', 'https://telemetr.io/en/channels/1649515844-C4hlhgZyHZFhYTc1', 'https://telemetr.io/en/channels/1758511151', 'https://telemetr.io/en/channels/1824332209-gamechanger_calls_trader_bnf', 'https://telemetr.io/en/channels/1971103269', 'https://telemetr.io/en/channels/1668197879-daily_help_trading_easy_earn_mon', 'https://telemetr.io/en/channels/2110588598-mr_scalper_scalping_world_0', 'https://telemetr.io/en/channels/1568629614-colour_trading_tiranga', 'https://telemetr.io/en/channels/2113852936-twkofficial79_trade', 'https://telemetr.io/en/channels/1666331937-ivBz6adD3Sg2ZWM1', 'https://telemetr.io/en/channels/1839914997', 'https://telemetr.io/en/channels/1661596376-rajasthan_patrika_epaperz'}",21,221,221
10,"['ads', 'telegram', 'ads photo', 'tokens', 'market', 'crypto', 'calls ads', 'token', 'exchanges', 'profit']",1,1,{'100064662074910'},0,0,set(),20,20,"{'8hwbl-lZBJo', 'SPfryeVGE5o', 'azO0rnLCgTI', 'kbqT_LBjTGU', '7PbY2gJlzyg', 'elcOQ8HVDSg', 'QPQoeXTcFBQ', 'Jc5QEaS4c4M', 'XEASojwUbjk', 'O3_QdRC4C1U', 'XLOAe8vsoes', 'vrj08rX7lsE', 'LKv4NX1CwBg', '_OvUBcST-U0', '1tbEjE1tsTw', 'ZXy3u8EkswE', 'wGN-25bpPQ8', 'wgGl3fYHx_I', '7nYEpSMm18E', 'VDY2eeZZjmU'}",10,8,"{'284845544', '41905308', '1355164945323683841', '1138686955544371200', '1275666149510963202', '1443642477043494915', '2260491445', '1393233232699789316'}",181,14,"{'https://telemetr.io/en/channels/1568629614-zero_to_sr_stocks_gap_up_trading', 'https://telemetr.io/en/channels/1971103269', 'https://telemetr.io/en/channels/2110588598-mr_scalper_scalping_world_0', 'https://telemetr.io/en/channels/1938798522-merlionchannel', 'https://telemetr.io/en/channels/1290946519-B6vuPq7yLCo2NDcy', 'https://telemetr.io/en/channels/1839282843-l66C_w7N5Ww0NWU1', 'https://telemetr.io/en/channels/1566703919-frogycalls', 'https://telemetr.io/en/channels/1314487694-ninja_calls1', 'https://telemetr.io/en/channels/2012943229-fightposting', 'https://telemetr.io/en/channels/1568629614-colour_trading_tiranga', 'https://telemetr.io/en/channels/1928455557-wolftrader31', 'https://telemetr.io/en/channels/2082561005-fxrwtx', 'https://telemetr.io/en/channels/2104320140-crypto_astral_gem', 'https://telemetr.io/en/channels/1649515844-C4hlhgZyHZFhYTc1'}",43,212,212
7,"['donate blood', 'blood donation', 'life donate', 'donating', 'donate', 'donor', 'red cross', 'donors', 'donation', 'donation team']",2,2,"{'100064823613261', '100050225240833'}",13,9,"{'31106924641', '6672372001', '12586824588', '42773412485', '34324366', '225193095', '18268291', '8554101042', '3195918348'}",1,1,{'93w_4CmCUQg'},182,27,"{'298744875', '816282120767291392', '781082881137311744', '907847521556471813', '937425368', '19397942', '1002973057726779398', '153805750', '388500413', '964793138408804352', '106438553', '770678672', '1434855791308193796', '16898857', '19668491', '81820835', '116987275', '116776616', '1161107215', '1855694533', '54203535', '44159391', '887004684938084354', '210821882', '1444969310', '72056536', '454138567'}",0,0,set(),39,198,198
27,"['È¢®Âè£ËÖ≥Ë∏èÂ∏´ Â≠∏ÁøíÁ∑ärosscameron', 'Â≠∏ÁøíÁ∑ärosscameron', 'hs È¢®Âè£ËÖ≥Ë∏èÂ∏´', 'È¢®Âè£ËÖ≥Ë∏èÂ∏´', 'ùòæùôäùôàùôãùòºùôâùôî photo', 'photo unavailable', 'calls photo', 'ùêëùê¢ùêúùê° ùêèùê•ùêöùêúùêû', '·ä¢·âµ·ãÆ·åµ·ã´·äï ·ä¢·àâ·àö·äì·â¥', '·ä¢·àâ·àö·äì·â¥ ·àõ·àÖ·â†·à≠']",0,0,set(),2,1,{'8554101042'},0,0,set(),2,2,"{'301520162', '1304447544576167942'}",188,46,"{'https://telemetr.io/en/channels/1755852445-mjj_emby', 'https://telemetr.io/en/channels/1719646875-muefaco', 'https://telemetr.io/en/channels/1406785552-picsart33', 'https://telemetr.io/en/channels/1938798522-merlionchannel', 'https://telemetr.io/en/channels/1870713804-TzhVEnVepbE2ZWU6', 'https://telemetr.io/en/channels/1690321551-vtp777', 'https://telemetr.io/en/channels/1418573241-alehssan_serial', 'https://telemetr.io/en/channels/1290946519-B6vuPq7yLCo2NDcy', 'https://telemetr.io/en/channels/1434702982-amoozeshe_tebe_sonati', 'https://telemetr.io/en/channels/2085966008', 'https://telemetr.io/en/channels/1917009939-drip_star', 'https://telemetr.io/en/channels/1314487694-ninja_calls1', 'https://telemetr.io/en/channels/1928455557-wolftrader31', 'https://telemetr.io/en/channels/1368023217-angelheartinfo', 'https://telemetr.io/en/channels/1417888931', 'https://telemetr.io/en/channels/1649515844-C4hlhgZyHZFhYTc1', 'https://telemetr.io/en/channels/1134669863-doctorfasil', 'https://telemetr.io/en/channels/2128682650', 'https://telemetr.io/en/channels/1971103269', 'https://telemetr.io/en/channels/2110588598-mr_scalper_scalping_world_0', 'https://telemetr.io/en/channels/1513284193-a5h8wNlNQAM1NTNk', 'https://telemetr.io/en/channels/1577177753-SrOy25rx6kU1M2My', 'https://telemetr.io/en/channels/1159080297-egurudigital', 'https://telemetr.io/en/channels/1513088507-bainianzhenxiang', 'https://telemetr.io/en/channels/1321787949-gsbykrati', 'https://telemetr.io/en/channels/1850318892-audio_kitobxonam', 'https://telemetr.io/en/channels/2050808836-hzaze_sporat1', 'https://telemetr.io/en/channels/1077871781-simorgh_ecotourism', 'https://telemetr.io/en/channels/1799171443-agentofficiel', 'https://telemetr.io/en/channels/2104320140-crypto_astral_gem', 'https://telemetr.io/en/channels/1037828450-renaissancetranslate', 'https://telemetr.io/en/channels/1455376707-munavvar_opa_tajvid', 'https://telemetr.io/en/channels/1643834710', 'https://telemetr.io/en/channels/1785905709', 'https://telemetr.io/en/channels/1013922832-parentingibutangguhpit', 'https://telemetr.io/en/channels/1944142841-khartoummagbara', 'https://telemetr.io/en/channels/1839282843-l66C_w7N5Ww0NWU1', 'https://telemetr.io/en/channels/1361657579-casandooverbo', 'https://telemetr.io/en/channels/1497691084-e4KhI-0onLMzYTEy', 'https://telemetr.io/en/channels/2012943229-fightposting', 'https://telemetr.io/en/channels/1008214019-fardinalikhah', 'https://telemetr.io/en/channels/1312217947-helixstockhchannel', 'https://telemetr.io/en/channels/1145417772-nonstopfiction', 'https://telemetr.io/en/channels/1186746035-gkparveenudan', 'https://telemetr.io/en/channels/1526292281-ahri_calls', 'https://telemetr.io/en/channels/1662119360'}",49,192,192
59,"['camp oty', 'support girls', 'donate bbbs', 'donate today', 'donate help', 'oty okwa', 'donate', 'saturday donate', 'donate online', 'donate big']",5,5,"{'100069414919882', '100057476348510', '100064786926837', '100038066414007', '100063653525036'}",48,17,"{'31106924641', '6672372001', '12586824588', '42773412485', '37421360', '34324366', '3233035848', '225193095', '18268291', '3017824962', '62473909178', '426930934', '8554101042', '5850406045', '3195918348', '5349682054', '383088475'}",0,0,set(),134,28,"{'191445463', '82359475', '91416716', '19379076', '2898149812', '72565586', '25573213', '153805750', '491444555', '2798759391', '16729099', '1126977006', '770678672', '214380911', '83609765', '19736257', '335921177', '39766020', '20106770', '926482707932241920', '2903285195', '54203535', '44159391', '72198806', '34065272', '1196503896073670656', '127851451', '183796269'}",0,0,set(),50,187,187
33,"['animalrescuehyderabad straysofhyderabad', 'rescuebirds hyderabadrescues', 'hyderabad', 'animalsupporters animalrescuehyderabad', 'pfahyderabad animalsmeannoharm', 'hyderabadrescues', 'rain helpanimals', 'rescue animalsupporters', 'pfahyderabad', 'pfahyderabad birds']",3,3,"{'100091307329213', '61550754151327', '100064711809212'}",156,12,"{'7545848711', '48311043260', '40138370214', '490660973', '5622413587', '64053909150', '527117560', '409347718', '7385649383', '3521287788', '4618303837', '5481419375'}",11,11,"{'ijSzyobXT6Q', '6oUfinGfGQw', 'dsI1HuKbrog', 'a0L0iRiJhkM', 'qPA0YcdgdT0', 'QMbWE69wjUU', '4JAir-uJ_kw', 'dgu0RSNyDUE', '_P3MxRLH3Ec', 'beurKPCr1Ys', '1GG6FwRlq1o'}",1,1,{'1509592296'},9,2,"{'https://telemetr.io/en/channels/1513284193-a5h8wNlNQAM1NTNk', 'https://telemetr.io/en/channels/1134669863-doctorfasil'}",29,180,180
31,"['luxuryfashion thriftvendors', 'thrift luxuryfashion', 'vintagestyle okirika', 'jumpsuits onlinethriftstore', 'preloved vintagestyle', 'thriftvendors secondhand', 'request thrift', 'charityshop charityshopfinds', 'thrift', 'thriftvendors']",0,0,set(),178,16,"{'220258927', '31106924641', '6672372001', '12586824588', '42773412485', '34324366', '225193095', '18268291', '13800157', '221350391', '199805942', '8554101042', '3195918348', '10723109', '311326714', '50758863013'}",0,0,set(),1,1,{'1383921575615885314'},0,0,set(),17,179,179
37,"['parveen udaan', 'analytics jun', 'analytics gk', 'analytics rowsan', 'gk parveen', 'rowsan tiranga', 'udaan', '11 analytics', 'analytics', 'parveen']",0,0,set(),0,0,set(),0,0,set(),1,1,{'1049465747653582848'},161,32,"{'https://telemetr.io/en/channels/2022133331-J3xatLcc6cc2MzVl', 'https://telemetr.io/en/channels/1719646875-muefaco', 'https://telemetr.io/en/channels/1690321551-vtp777', 'https://telemetr.io/en/channels/1602236777-pm_small_trader_sb', 'https://telemetr.io/en/channels/1957510026-yaxshilikga', 'https://telemetr.io/en/channels/2085966008', 'https://telemetr.io/en/channels/1564349671-kreginaaaa', 'https://telemetr.io/en/channels/1314487694-ninja_calls1', 'https://telemetr.io/en/channels/1928455557-wolftrader31', 'https://telemetr.io/en/channels/2082561005-fxrwtx', 'https://telemetr.io/en/channels/1649515844-C4hlhgZyHZFhYTc1', 'https://telemetr.io/en/channels/1464281158-geoshow', 'https://telemetr.io/en/channels/1026486910-foodira', 'https://telemetr.io/en/channels/2092883255-rowsantiranga', 'https://telemetr.io/en/channels/1605361849-meankeen', 'https://telemetr.io/en/channels/1971103269', 'https://telemetr.io/en/channels/1448828405-leaders_official', 'https://telemetr.io/en/channels/1513284193-a5h8wNlNQAM1NTNk', 'https://telemetr.io/en/channels/1351220173-bratchuk_sergey', 'https://telemetr.io/en/channels/1658118535-losevlive', 'https://telemetr.io/en/channels/1618329606-egorikvtge', 'https://telemetr.io/en/channels/1915733999-bekcorem', 'https://telemetr.io/en/channels/1321787949-gsbykrati', 'https://telemetr.io/en/channels/1850318892-audio_kitobxonam', 'https://telemetr.io/en/channels/1799171443-agentofficiel', 'https://telemetr.io/en/channels/1013922832-parentingibutangguhpit', 'https://telemetr.io/en/channels/1839282843-l66C_w7N5Ww0NWU1', 'https://telemetr.io/en/channels/1361657579-casandooverbo', 'https://telemetr.io/en/channels/1497691084-e4KhI-0onLMzYTEy', 'https://telemetr.io/en/channels/2012943229-fightposting', 'https://telemetr.io/en/channels/1186746035-gkparveenudan', 'https://telemetr.io/en/channels/1662119360'}",33,162,162
49,"['studentsgivingback thank', 'studentsgivingback', 'donation wish', 'gratitude', 'students staff', 'recent donation', 'thankyouthursday', 'students', 'school students', 'campus']",1,1,{'61553480295605'},122,19,"{'12586824588', '37421360', '426930934', '221350391', '311326714', '383088475', '62473909178', '220258927', '13800157', '42773412485', '199805942', '5850406045', '3195918348', '10723109', '50758863013', '18268291', '3017824962', '3233035848', '5349682054'}",0,0,set(),34,17,"{'1045542522', '704723372', '25573213', '335921177', '210821882', '1478304398', '1049465747653582848', '50654477', '1120324746', '116987275', '76366594', '571025499', '2764572990', '91416716', '1855694533', '1196503896073670656', '244112880'}",1,1,{'https://telemetr.io/en/channels/1290946519-B6vuPq7yLCo2NDcy'},38,158,158
16,"['humanecanada', 'humane society', 'animal welfare', 'spca', 'humane', 'charities', 'humanesociety', 'ontario', 'animaladvocates', 'animalsupporters']",0,0,set(),146,14,"{'7545848711', '48311043260', '40138370214', '490660973', '5622413587', '64053909150', '4618303837', '527117560', '42773412485', '409347718', '7385649383', '3521287788', '8554101042', '5481419375'}",0,0,set(),2,1,{'1478304398'},0,0,set(),15,148,148
14,"['2022 tax', 'tax reliefs', 'tax relief', 'relief 2022', 'income tax', 'personal tax', 'taxpayers', 'taxes', 'expenses', 'malaysia']",0,0,set(),144,23,"{'7545848711', '48311043260', '188530008', '3179360396', '3521287788', '40138370214', '490660973', '409347718', '3311889252', '4618303837', '25142358624', '1686365270', '45362928008', '64053909150', '197579536', '56263569411', '46160568072', '5622413587', '527117560', '7385649383', '8977038079', '5567130125', '5481419375'}",0,0,set(),1,1,{'4150848041'},1,1,{'https://telemetr.io/en/channels/1513284193-a5h8wNlNQAM1NTNk'},25,146,146
39,"['charityorganisationsinindia', 'charity fundraising', 'charity donation', 'charity', 'donation', 'donate online', 'donate', 'nonprofitlife', '2548483 donate', 'volunteerism']",22,16,"{'100064974183090', '100063997687698', '100068058084421', '100065484159202', '100064343785973', '100044659353777', '100063560321220', '100081967609416', '100064764786885', '100066376796459', '100050225240833', '100065037602212', '100064558817741', '100066718004130', '100064872333293', '100044336144185'}",44,9,"{'31106924641', '6672372001', '12586824588', '42773412485', '34324366', '225193095', '18268291', '8554101042', '3195918348'}",9,9,"{'hScv1OKvQkg', '5-wkLHfezQQ', '-5m-kR346r4', 'HhiG42i52Vk', 'ijskRqwP6hM', '0T-T3TrbEQc', 'EeVF208C36s', 'kdKAd6S31s0', 'stnhKHP2OoI'}",62,7,"{'3241784956', '1049465747653582848', '82359475', '1002973057726779398', '1275666149510963202', '3246140250', '907847521556471813'}",3,3,"{'https://telemetr.io/en/channels/1649515844-C4hlhgZyHZFhYTc1', 'https://telemetr.io/en/channels/1134669863-doctorfasil', 'https://telemetr.io/en/channels/1013922832-parentingibutangguhpit'}",44,140,140
43,"['charity initiative', 'charity', 'studentsgivingback communityimpact', 'volunteerism', 'touching lives', 'annual charity', 'studentsgivingback', 'caringcommunity', 'mental health', 'fundraising']",6,6,"{'100064046648934', '100079290557510', '100071881668163', '100081967609416', '100046308295721', '100064456911668'}",113,13,"{'12586824588', '42773412485', '37421360', '3233035848', '62473909178', '18268291', '3017824962', '426930934', '8554101042', '5850406045', '3195918348', '5349682054', '383088475'}",3,3,"{'SgM0AjwioHI', 'S4OtlZZOczA', 'jc-sIB3fa2w'}",16,11,"{'19397942', '54203535', '83609765', '1509592296', '19736257', '25573213', '153805750', '50654477', '21372665', '926482707932241920', '146115076'}",0,0,set(),33,138,138
19,"['charitywork', 'charity charityshop', 'charity shop', 'charityshop charity', 'volunteering', 'charityshopping', 'charityshop', 'charityretailers', 'charity', 'charity shops']",1,1,{'100055948034259'},126,18,"{'220258927', '383088475', '12586824588', '42773412485', '37421360', '3233035848', '62473909178', '3017824962', '13800157', '426930934', '221350391', '199805942', '8554101042', '5850406045', '10723109', '311326714', '5349682054', '50758863013'}",0,0,set(),7,6,"{'19397942', '211371663', '29561493', '210821882', '1478304398', '122068746'}",0,0,set(),25,134,134
60,"['foodbank', 'meal donated', 'donations monday', 'donates food', 'donations charity', 'charity help', 'awareness donations', 'donations', 'charity', 'grocery drive']",3,3,"{'100063922189874', '100071050310392', '100064510427252'}",57,13,"{'12586824588', '42773412485', '37421360', '3233035848', '62473909178', '18268291', '3017824962', '426930934', '8554101042', '5850406045', '3195918348', '5349682054', '383088475'}",0,0,set(),72,27,"{'74464632', '337931779', '1120324746', '29334354', '99182109', '2764572990', '704723372', '72565586', '1275666149510963202', '2352467130', '16729099', '83609765', '19736257', '1356545831487340545', '76366594', '768137317504647168', '926482707932241920', '2903285195', '32837201', '54203535', '744697586', '1478304398', '122068746', '1196503896073670656', '96746102', '550529673', '183796269'}",1,1,{'https://telemetr.io/en/channels/1026486910-foodira'},44,133,133
30,"['olympics texas', 'special olympics', 'support athletes', 'donate', 'donate thanks', 'donated', 'donation', 'tuesday donation', 'tx', 'schedule donation']",2,2,"{'100063593378407', '100034872076843'}",20,17,"{'31106924641', '6672372001', '12586824588', '42773412485', '37421360', '34324366', '3233035848', '225193095', '18268291', '3017824962', '62473909178', '426930934', '8554101042', '5850406045', '3195918348', '5349682054', '383088475'}",1,1,{'1uAH6HEXlwc'},108,20,"{'1383921575615885314', '298744875', '877807935493033984', '1120324746', '729168722', '4026518639', '29334354', '1509592296', '25573213', '2956363464', '1045542522', '16729099', '55261930', '1650936331365654536', '19736257', '571025499', '1855694533', '926482707932241920', '2903285195', '34065272'}",0,0,set(),40,131,131
50,"['donation drive', 'donation drives', 'donation tax', 'donation days', 'nonprofit 501c3', 'donation', 'donations fanladen', 'donations', 'community donation', 'future donation']",2,1,{'100063663338645'},31,9,"{'31106924641', '6672372001', '12586824588', '42773412485', '34324366', '225193095', '18268291', '8554101042', '3195918348'}",2,2,"{'lCMg41iC0JY', 'pIG-NBNZMCc'}",96,27,"{'298744875', '816282120767291392', '137124405', '82359475', '729168722', '29334354', '91416716', '2764572990', '19379076', '41905308', '25573213', '1275666149510963202', '2798759391', '16729099', '1045542522', '797882673599365121', '335921177', '1161107215', '1855694533', '2903285195', '54203535', '276124925', '210821882', '1478304398', '801570646157393920', '1196503896073670656', '550529673'}",0,0,set(),39,131,131
48,"['donations donationsneeded', 'donationsneeded', 'donate donations', 'donating', 'artists', 'charity partner', 'charityshopfinds', 'charityshopfinds charityshopfind', 'artist', 'charityshop charityshopfinds']",1,1,{'100079067276688'},122,24,"{'12586824588', '37421360', '426930934', '221350391', '311326714', '383088475', '62473909178', '220258927', '31106924641', '13800157', '42773412485', '34324366', '199805942', '8554101042', '5850406045', '3195918348', '10723109', '50758863013', '6672372001', '225193095', '18268291', '3017824962', '3233035848', '5349682054'}",3,3,"{'4Z3kHDCBWYE', 'z-vFcb8CJkQ', '-rATcWut4Xk'}",4,4,"{'832997779', '1049465747653582848', '25573213', '1045542522'}",0,0,set(),32,130,130
57,"['money firefighters999', 'raise funds', 'firefighters999', 'kind donations', 'donations', 'thank donations', 'raise money', 'donate fundraising', 'charity donations', 'firefighters']",15,7,"{'100083046505303', '100087645281879', '100063787112239', '100009926535557', '100063549491737', '100064752127301', '100064622834564'}",15,8,"{'220258927', '12586824588', '42773412485', '18268291', '13800157', '8554101042', '3195918348', '50758863013'}",1,1,{'QpcmSKtCa5c'},95,22,"{'298744875', '589883314', '4026518639', '244112880', '183796269', '19397942', '704723372', '2561307852', '529334800', '25573213', '153805750', '823893227216470016', '4132926754', '935173663174905856', '20106770', '76366594', '72198806', '233021404', '72056536', '52406934', '96746102', '145973349'}",0,0,set(),38,126,126
20,"['texas firefighters', 'firefighters agility', 'grey donation', 'challenge donate', 'firefighters', 'donation', 'irving citizens', 'irving tx', 'agility challenge', 'blvd irving']",0,0,set(),0,0,set(),0,0,set(),125,3,"{'1126977006', '2903285195', '25686165'}",0,0,set(),3,125,125
29,"['waterfront', 'madison community', 'nonprofit charity', 'madison', 'lakes', 'community nonprofitorganization', 'nonprofit', 'nonprofitorganization', 'fund community', 'community foundation']",1,1,{'100064756775864'},19,9,"{'31106924641', '6672372001', '12586824588', '42773412485', '34324366', '225193095', '18268291', '8554101042', '3195918348'}",5,5,"{'qLkw-CS9FQE', '2NdYVt-JMLc', 'idUwnvUlotw', 'GsVSmSZ1PzE', 'lNNyaD4zArE'}",100,12,"{'83609765', '211371663', '2561307852', '19736257', '335921177', '50654477', '823893227216470016', '1120324746', '491444555', '91416716', '937425368', '1196503896073670656'}",0,0,set(),27,125,125
24,"['–±—Ä–∞—Ç—á—É–∫ photo', 'photo unavailable', '–≤–∏–¥–µ–æ', 'unavailable telegram', '–Ω–∞—Ä–æ–¥–µ—Ü–∫–∞—è', '—Ç–∫–∞—á—É–∫ –ª–∏—á–Ω—ã–π', '–∫–∞–Ω–∞–ª–µ', '–ø–∞—Ä—Å —Ñ–æ–Ω—ã', '–ª–∏—á–Ω—ã–π –±–ª–æ–≥', '–∫–∞–Ω–∞–ª']",0,0,set(),0,0,set(),0,0,set(),0,0,set(),124,51,"{'https://telemetr.io/en/channels/1662119360', 'https://telemetr.io/en/channels/1370252297-mogilkomarina', 'https://telemetr.io/en/channels/1787456164-psycho_pharmacologist', 'https://telemetr.io/en/channels/2009303448-wylsacomredss', 'https://telemetr.io/en/channels/1366346975-oleg_blokhin', 'https://telemetr.io/en/channels/1872614580-postgloss', 'https://telemetr.io/en/channels/1957510026-yaxshilikga', 'https://telemetr.io/en/channels/1645242744-pLaGk2I2B9k4ZmFk', 'https://telemetr.io/en/channels/1564349671-kreginaaaa', 'https://telemetr.io/en/channels/1570229294', 'https://telemetr.io/en/channels/1399529584-raevskiy_live', 'https://telemetr.io/en/channels/2082561005-fxrwtx', 'https://telemetr.io/en/channels/1003740416-kashinguru', 'https://telemetr.io/en/channels/1417888931', 'https://telemetr.io/en/channels/1464281158-geoshow', 'https://telemetr.io/en/channels/1881979256-netvoyotelo', 'https://telemetr.io/en/channels/2053691738-LgJAF2mBzuk0NjFi', 'https://telemetr.io/en/channels/1123885332-parslivres', 'https://telemetr.io/en/channels/2111383659-sbFnAG-Jly9mNzky', 'https://telemetr.io/en/channels/1970700242-b8zzaJ-AxL81NTgy', 'https://telemetr.io/en/channels/1304726139-potomstvenniy', 'https://telemetr.io/en/channels/1317068049-geography_trophy', 'https://telemetr.io/en/channels/2075893577-kL15bT-V8yw4ZDgy', 'https://telemetr.io/en/channels/1409634396-daragan_konstantin', 'https://telemetr.io/en/channels/1539288756-igor_medov', 'https://telemetr.io/en/channels/1616738774-slavicrod', 'https://telemetr.io/en/channels/1676791446-letrachetllllll', 'https://telemetr.io/en/channels/1978105560-UGluPffN_lUyN2Iy', 'https://telemetr.io/en/channels/1577177753-SrOy25rx6kU1M2My', 'https://telemetr.io/en/channels/1351220173-bratchuk_sergey', 'https://telemetr.io/en/channels/1658118535-losevlive', 'https://telemetr.io/en/channels/1377890818-region_61', 'https://telemetr.io/en/channels/1618329606-egorikvtge', 'https://telemetr.io/en/channels/1620872121-ariXUT5g26oxN2Q6', 'https://telemetr.io/en/channels/2080276403-cryptodiaryx', 'https://telemetr.io/en/channels/1405457386-nablydateli', 'https://telemetr.io/en/channels/1292866766-volodymyrzolkin', 'https://telemetr.io/en/channels/1594077173-jeHQvBFlNdA0ZDA0', 'https://telemetr.io/en/channels/1607782593-tkachuk_aliaksey', 'https://telemetr.io/en/channels/1594606318-lenina1977', 'https://telemetr.io/en/channels/2075709730-Pnjsm0UjkLY3ZGMy', 'https://telemetr.io/en/channels/1988832522', 'https://telemetr.io/en/channels/1863236574-eSi2JMyB4XkyZDgy', 'https://telemetr.io/en/channels/1361657579-casandooverbo', 'https://telemetr.io/en/channels/1497691084-e4KhI-0onLMzYTEy', 'https://telemetr.io/en/channels/1751115727-vnotebook31', 'https://telemetr.io/en/channels/1801404831-kinofromirm', 'https://telemetr.io/en/channels/1462667851-persdag', 'https://telemetr.io/en/channels/1145417772-nonstopfiction', 'https://telemetr.io/en/channels/1189243412-mihaylets_pro', 'https://telemetr.io/en/channels/1479053226-kuzma671games3'}",51,124,124
51,"['munavvar opa', 'opa darslari', 'munavvar', 'darslari', 'ÿßŸÑÿÆÿ±ÿ∑ŸàŸÖ ŸÖŸÇÿ®ÿ±ÿ©', 'analytics munavvar', 'ŸÅÿ±ÿØ€åŸÜ ÿπŸÑ€åÿÆŸàÿßŸá', 'ŸÖŸÇÿ®ÿ±ÿ© ÿßŸÑÿ¨ŸÜÿ¨ŸàŸäÿØ', '12 video', 'ÿπŸÑ€åÿÆŸàÿßŸá']",0,0,set(),0,0,set(),2,2,"{'ZRZ5MSKFHjA', 'gRJjpJABT38'}",1,1,{'3246140250'},120,31,"{'https://telemetr.io/en/channels/2022133331-J3xatLcc6cc2MzVl', 'https://telemetr.io/en/channels/1579314312-drsaramirjamali', 'https://telemetr.io/en/channels/1690321551-vtp777', 'https://telemetr.io/en/channels/1290946519-B6vuPq7yLCo2NDcy', 'https://telemetr.io/en/channels/1396433804-fatimakhadueva369', 'https://telemetr.io/en/channels/1957510026-yaxshilikga', 'https://telemetr.io/en/channels/1564349671-kreginaaaa', 'https://telemetr.io/en/channels/1928455557-wolftrader31', 'https://telemetr.io/en/channels/1649515844-C4hlhgZyHZFhYTc1', 'https://telemetr.io/en/channels/1464281158-geoshow', 'https://telemetr.io/en/channels/1026486910-foodira', 'https://telemetr.io/en/channels/2128682650', 'https://telemetr.io/en/channels/1971103269', 'https://telemetr.io/en/channels/1577177753-SrOy25rx6kU1M2My', 'https://telemetr.io/en/channels/1351220173-bratchuk_sergey', 'https://telemetr.io/en/channels/1618329606-egorikvtge', 'https://telemetr.io/en/channels/1213346929-explosivemikechannel', 'https://telemetr.io/en/channels/1915733999-bekcorem', 'https://telemetr.io/en/channels/1321787949-gsbykrati', 'https://telemetr.io/en/channels/1850318892-audio_kitobxonam', 'https://telemetr.io/en/channels/1799171443-agentofficiel', 'https://telemetr.io/en/channels/1849286586-akhmad1408', 'https://telemetr.io/en/channels/1037828450-renaissancetranslate', 'https://telemetr.io/en/channels/1455376707-munavvar_opa_tajvid', 'https://telemetr.io/en/channels/1643834710', 'https://telemetr.io/en/channels/1013922832-parentingibutangguhpit', 'https://telemetr.io/en/channels/1944142841-khartoummagbara', 'https://telemetr.io/en/channels/2012943229-fightposting', 'https://telemetr.io/en/channels/1008214019-fardinalikhah', 'https://telemetr.io/en/channels/1312217947-helixstockhchannel', 'https://telemetr.io/en/channels/1526292281-ahri_calls'}",34,123,123
21,"['ticketdonation rosecityriveters', 'rosecityriveters org', 'ticket exchange', 'tix ticketdonation', 'rosecityriveters', 'admission tickets', 'tickets', 'fanladen open', 'ticketdonation', 'rosecityriveters dot']",1,1,{'100063663338645'},5,4,"{'12586824588', '18268291', '3195918348', '42773412485'}",0,0,set(),114,11,"{'54203535', '240813683', '25573213', '16898857', '210821882', '1478304398', '801570646157393920', '50654477', '2956363464', '1045542522', '2903285195'}",1,1,{'https://telemetr.io/en/channels/1290946519-B6vuPq7yLCo2NDcy'},17,121,121
17,"['scooby', 'australian shepherd', 'furry friends', 'puppy', 'husky', 'dog', 'cats', 'oakley', 'loves cuddle', 'teddy bear']",4,3,"{'100064310545258', '100064637861617', '100064911631445'}",116,20,"{'7545848711', '48311043260', '221350391', '311326714', '3521287788', '220258927', '40138370214', '490660973', '409347718', '13800157', '4618303837', '64053909150', '199805942', '8554101042', '10723109', '50758863013', '5622413587', '527117560', '7385649383', '5481419375'}",0,0,set(),0,0,set(),0,0,set(),23,120,120
18,"['–±—Ä–∞–π–Ω –º–∞–ø—Å', '–±–∞–ª–¥–µ–∂–∏–Ω', '–Ω–∞ –±–ª–µ–∫', '–∫–∞–ø–∏—Ç–∞–Ω –±–∞–ª–¥–µ–∂–∏–Ω', '–±—Ä–∞–π–Ω', '—Å–ø–∞—Å–∏–±–æ', '–±–ª–µ–∫', '–º–∞–ø—Å', '–ø—Ä–∞–≤–¥–∞', '–Ω–∞—Ä–æ–¥–∞']",0,0,set(),0,0,set(),0,0,set(),0,0,set(),120,44,"{'https://telemetr.io/en/channels/1268948165-aimansuwaid', 'https://telemetr.io/en/channels/1662119360', 'https://telemetr.io/en/channels/1370252297-mogilkomarina', 'https://telemetr.io/en/channels/1832102868', 'https://telemetr.io/en/channels/1870713804-TzhVEnVepbE2ZWU6', 'https://telemetr.io/en/channels/2009303448-wylsacomredss', 'https://telemetr.io/en/channels/1366346975-oleg_blokhin', 'https://telemetr.io/en/channels/1739117669-bralnm7ps', 'https://telemetr.io/en/channels/1957510026-yaxshilikga', 'https://telemetr.io/en/channels/1917009939-drip_star', 'https://telemetr.io/en/channels/1645242744-pLaGk2I2B9k4ZmFk', 'https://telemetr.io/en/channels/1696487516-f6I6tjtIlMcyM2Q6', 'https://telemetr.io/en/channels/2082561005-fxrwtx', 'https://telemetr.io/en/channels/1003740416-kashinguru', 'https://telemetr.io/en/channels/1767094758-W0FkOTBat5k4NGRi', 'https://telemetr.io/en/channels/1417888931', 'https://telemetr.io/en/channels/1464281158-geoshow', 'https://telemetr.io/en/channels/1152455706-mete0ra', 'https://telemetr.io/en/channels/1478222691', 'https://telemetr.io/en/channels/1942371998-rogerxaxaxa', 'https://telemetr.io/en/channels/1123885332-parslivres', 'https://telemetr.io/en/channels/1970700242-b8zzaJ-AxL81NTgy', 'https://telemetr.io/en/channels/2075893577-kL15bT-V8yw4ZDgy', 'https://telemetr.io/en/channels/1475096946-forkidsfuture', 'https://telemetr.io/en/channels/1658118535-losevlive', 'https://telemetr.io/en/channels/1377890818-region_61', 'https://telemetr.io/en/channels/1620872121-ariXUT5g26oxN2Q6', 'https://telemetr.io/en/channels/2080276403-cryptodiaryx', 'https://telemetr.io/en/channels/1405457386-nablydateli', 'https://telemetr.io/en/channels/2006330194-ton4btc', 'https://telemetr.io/en/channels/1594077173-jeHQvBFlNdA0ZDA0', 'https://telemetr.io/en/channels/1607782593-tkachuk_aliaksey', 'https://telemetr.io/en/channels/1594606318-lenina1977', 'https://telemetr.io/en/channels/2075709730-Pnjsm0UjkLY3ZGMy', 'https://telemetr.io/en/channels/1988832522', 'https://telemetr.io/en/channels/1924465672-dBfHQxNmt3kxODRi', 'https://telemetr.io/en/channels/1679983145-onastaasis', 'https://telemetr.io/en/channels/1497691084-e4KhI-0onLMzYTEy', 'https://telemetr.io/en/channels/1801404831-kinofromirm', 'https://telemetr.io/en/channels/1663099203-mz9w-1Erki9iMTUy', 'https://telemetr.io/en/channels/1570229294', 'https://telemetr.io/en/channels/1742476210-musica8daudi', 'https://telemetr.io/en/channels/1479053226-kuzma671games3', 'https://telemetr.io/en/channels/2074001001-raiskiycasino'}",44,120,120
22,"['pipette', 'wfh pipette', 'pipette fipawareness', 'playing', 'fipsupport blindcatsofinstagram', 'fipcats fipwarriors', 'game', 'blindcatsofinstagram gingercatsofinstagram', 'gingercatsofinstagram specialneedscat', 'specialneedscats fipandblind']",0,0,set(),117,9,"{'451626599', '270894642', '216823538', '62409315873', '11198256754', '3988156745', '14982644485', '58455088419', '31149514'}",0,0,set(),0,0,set(),0,0,set(),9,117,117
23,"['campaign donations', 'total donations', 'million donations', 'crore', 'donations financial', 'based donations', 'donation nearly', 'supporters contribute', 'india', 'donations']",0,0,set(),32,9,"{'31106924641', '6672372001', '12586824588', '42773412485', '34324366', '225193095', '18268291', '8554101042', '3195918348'}",6,6,"{'WapeEBqO8oA', 'XE8IS1ACJi8', 'LdDw9wmxK3E', 'jc0ZFpZpRN0', 'qODoZILsbas', 'nO1d675nIsU'}",78,16,"{'88701664', '72198806', '35900933', '101889708', '1171060303011962880', '19668491', '3063996411', '1131600862118338561', '1435935164811681796', '17924595', '1390045662', '29334354', '19444865', '2260491445', '1196503896073670656', '24335226'}",1,1,{'https://telemetr.io/en/channels/1361657579-casandooverbo'},32,117,117
28,"['charity palestine', 'gofundmedonations gofundmecampaign', 'gofundmedonations', 'donationsneeded', 'gofundme', 'support donations', 'donations charity', 'gaza', 'gofundmeplease', 'gofundme campaign']",6,2,"{'100080184491237', '100064493721816'}",90,9,"{'31106924641', '6672372001', '12586824588', '42773412485', '34324366', '225193095', '18268291', '8554101042', '3195918348'}",4,4,"{'g9k50a8ZfLQ', 'z2qe7xM9AA4', 'U4u6CROkvDc', '6JeVAm9G1i0'}",14,5,"{'1383921575615885314', '19397942', '1509592296', '1257039208277069824', '52406934'}",0,0,set(),20,114,114
52,"['crypto donations', 'online donations', 'cryptocurrency donations', 'crypto donation', 'donation campaigns', 'donations', 'fundraising efforts', 'donation', 'fundraising', 'make donation']",0,0,set(),24,20,"{'12586824588', '188530008', '3179360396', '31106924641', '3311889252', '25142358624', '1686365270', '45362928008', '42773412485', '197579536', '34324366', '8554101042', '3195918348', '56263569411', '46160568072', '6672372001', '225193095', '18268291', '8977038079', '5567130125'}",0,0,set(),87,37,"{'284845544', '1066644882964516865', '1049465747653582848', '1349430976917733377', '1525009211369082880', '1330601054862536706', '1429495042696269829', '435055396', '1393233232699789316', '74753359', '1410871509116063745', '1364818926694109185', '529334800', '1509592296', '989567996904357888', '1443642477043494915', '1390903724550156288', '2260491445', '16729099', '948303604393357312', '88701664', '902822790', '1445003279230963728', '1138686955544371200', '1304447544576167942', '571025499', '1215497253495816193', '911011433147654144', '1328435900527767554', '1466298729640591361', '18029079', '1355164945323683841', '159367435', '1435935164811681796', '17924595', '1390045662', '23478246'}",0,0,set(),57,111,111
34,"['exam', 'examination', 'physics', 'delhi', 'analysis', 'courses', 'application', 'hindi', 'education', 'analytics jun']",0,0,set(),10,10,"{'42773412485', '37421360', '3233035848', '62473909178', '3017824962', '426930934', '8554101042', '5850406045', '5349682054', '383088475'}",3,3,"{'Rp30IoCyzOU', 'UdzKVeVPht4', 'e0d-y_dnB30'}",0,0,set(),92,8,"{'https://telemetr.io/en/channels/1448828405-leaders_official', 'https://telemetr.io/en/channels/1755578273-vikasncertteam', 'https://telemetr.io/en/channels/1346991995-rbe_s', 'https://telemetr.io/en/channels/1850318892-audio_kitobxonam', 'https://telemetr.io/en/channels/1159080297-egurudigital', 'https://telemetr.io/en/channels/1661596376-rajasthan_patrika_epaperz', 'https://telemetr.io/en/channels/1321787949-gsbykrati', 'https://telemetr.io/en/channels/1186746035-gkparveenudan'}",21,105,105
35,"['furry friends', 'furry friend', 'week furry', 'happy furry', 'friends friday', 'friday feature', 'animal supporters', 'furry', 'friday week', 'week feature']",2,1,{'100064911631445'},96,12,"{'7545848711', '48311043260', '40138370214', '490660973', '5622413587', '64053909150', '527117560', '409347718', '7385649383', '3521287788', '4618303837', '5481419375'}",1,1,{'dok9nJy_JKo'},0,0,set(),1,1,{'https://telemetr.io/en/channels/1134669863-doctorfasil'},15,100,100
38,"['grey matters', 'firefighters agility', 'texas firefighters', 'follow grey', 'matters firefighters', 'firefighters north', 'grey', 'grey special', 'cancer fund', 'firefighters']",0,0,set(),0,0,set(),0,0,set(),98,1,{'1126977006'},1,1,{'https://telemetr.io/en/channels/1290946519-B6vuPq7yLCo2NDcy'},2,99,99
44,"['charityshop thrifted', 'charityshop bargain', 'charityshop', 'charityshop charityshopfinds', 'charity shop', 'charityshopfinds', 'clothes', 'clothing', 'thrift', 'support charity']",3,3,"{'100063896541211', '100057635223538', '100079067276688'}",87,8,"{'220258927', '13800157', '221350391', '199805942', '8554101042', '10723109', '311326714', '50758863013'}",0,0,set(),7,4,"{'459156257', '210821882', '17108205', '21642672'}",0,0,set(),15,97,97
25,"['felineinfectiousperitonitis', 'felinehealth', 'veterinarymedicine', 'cathealth', 'veterinary', 'vet', 'feline', 'cat', 'fiphope', 'diagnosis']",1,1,{'100044238107786'},90,9,"{'451626599', '270894642', '216823538', '62409315873', '11198256754', '3988156745', '14982644485', '58455088419', '31149514'}",0,0,set(),0,0,set(),4,2,"{'https://telemetr.io/en/channels/1134669863-doctorfasil', 'https://telemetr.io/en/channels/1615251793-tomlausen'}",12,95,95
55,"['ministries', 'john', 'ministry', 'donationsmakeadifference', 'com charity', 'makeadifference donation', 'minister', 'instagood donations', 'jesus', 'savinglives']",10,6,"{'100081967609416', '1051346150', '100093402830207', '100038066414007', '100067333493264', '100079067276688'}",53,17,"{'31106924641', '6672372001', '12586824588', '42773412485', '37421360', '34324366', '3233035848', '225193095', '18268291', '3017824962', '62473909178', '426930934', '8554101042', '5850406045', '3195918348', '5349682054', '383088475'}",22,22,"{'NttNnJGEF2U', 'qwgiGtSkdrU', 'EdpXbQ8YHrQ', '4mS3ROfyJ3s', 'es24Hq6W2KY', 'EInrzriU7a8', '8n2DxUXfPp0', 'FrZty2pHp6k', 'eQmHLrCiX1Y', 'Xjw3PBXh-2A', '_4g8rrXyadE', 'hgVYrpUs4qU', 'Gxnne-sm6rA', 'p9hNF4uf0GM', 'bJbN-tST-r0', '1ya49A_PFpg', 'mPG55qISRuE', '0dsp4Jjgn3c', 'oo3mH4f7c-M', 'kEqzHjumK4w', 'vLsn9fG6XZA', 'GciqSzifJsM'}",6,3,"{'926482707932241920', '2798759391', '907847521556471813'}",1,1,{'https://telemetr.io/en/channels/2012943229-fightposting'},49,92,92
26,"['personal tax', 'secure tax', 'taxrelief taxrelief2022', 'exemptions', 'tax relief', 'taxrelief2022', 'startup', 'taxdeduction', 'money taxrelief2022', 'enterprises']",0,0,set(),88,11,"{'56263569411', '46160568072', '1686365270', '45362928008', '197579536', '188530008', '3179360396', '3311889252', '8977038079', '5567130125', '25142358624'}",0,0,set(),1,1,{'3246140250'},0,0,set(),12,89,89
46,"['petcare catlovers', 'cathealth', 'veterinarymedicine', 'animalhealth pethealthtips', 'vet', 'catlovers fipawareness', 'pethealth petpodcast', 'podcast petcare', 'cathealth animalhealth', 'pethealthtips']",0,0,set(),81,9,"{'451626599', '270894642', '216823538', '62409315873', '11198256754', '3988156745', '14982644485', '58455088419', '31149514'}",0,0,set(),0,0,set(),1,1,{'https://telemetr.io/en/channels/1134669863-doctorfasil'},10,82,82
40,"['guardian australia', 'guardian news', 'australia guardian', 'guardian football', 'guardian sport', 'guardian today', 'subscribe guardian', 'sport guardian', 'theguardian twitter', 'theguardian']",37,16,"{'100093059950701', '100064531968877', '100064716844917', '100064919792869', '100083286553476', '100064823613261', '100082525506327', '100080405320074', '100070215741424', '100064628772149', '100009926535557', '100079867675649', '100084187426813', '100063798540705', '100084207713569', '100079460236815'}",9,4,"{'12586824588', '18268291', '3195918348', '42773412485'}",11,11,"{'6qkNwj5-uzg', 'OM0Jtm9j5gE', '_E-uU0al7LI', 'b-5TRQxtNuc', 'bm81x9kFAKU', 'DvisTT4SOY0', '9ovrV5lqVnM', 'Ep2WNO2XGAw', '5d3ujjMqbDs', 'TK7Y9z1_LzQ', 'AiV7FvXNxeE'}",24,15,"{'495532074', '19397942', '1442158490324140035', '88701664', '1049465747653582848', '1349430976917733377', '1304447544576167942', '1443642477043494915', '1163541022288334848', '1023928763002888193', '1435935164811681796', '435055396', '2260491445', '571025499', '1457917040983937031'}",0,0,set(),46,81,81
42,"['thrifting charityshop', 'charityshopbargains', 'vintage charityshop', 'clothes', 'thrift', 'charity shop', 'thrifting thriftstore', 'charityshop charityshopfinds', 'charityshop', 'charityshopfinds charityshop']",1,1,{'100090799433373'},72,8,"{'220258927', '42773412485', '13800157', '199805942', '221350391', '10723109', '311326714', '50758863013'}",0,0,set(),2,2,"{'1383921575615885314', '1509592296'}",0,0,set(),11,75,75
45,"['patriotpaws ntxgivingday', 'donate patriotpaws', 'donation patriotpaws', 'donated patriotpaws', 'patriot paws', 'ntxgivingday donation', 'donation patriot', 'donations northtexasgivingday', 'giving ntxgivingday', 'veterans day']",2,2,"{'100044238107786', '100089546671195'}",2,1,{'8554101042'},0,0,set(),71,10,"{'284845544', '54203535', '44159391', '1364818926694109185', '25573213', '210821882', '82359475', '1163541022288334848', '91416716', '2903285195'}",0,0,set(),13,75,75
61,"['donate patriotpaws', 'patriotpaws veterans', 'support patriotpaws', 'servicedogsforveterans patriotpaws', 'heroes donation', 'patriotpaws servicedogs', 'donate today', 'thank donated', 'veterans click', 'lives veterans']",3,2,"{'100079880086076', '100080405320074'}",1,1,{'8554101042'},0,0,set(),71,10,"{'83609765', '54203535', '44159391', '1509592296', '816282120767291392', '72198806', '1161107215', '1045542522', '926482707932241920', '2903285195'}",0,0,set(),13,75,75
36,"['pipette', 'pipette fipawareness', '9eyes8cats pipette', 'specialneedscats fipandblind', 'fipcats fipwarriors', 'fipcats', 'bed', 'gingercatsofinstagram specialneedscat', 'fipsupport blindcatsofinstagram', 'fiphope fipsupport']",0,0,set(),72,9,"{'451626599', '270894642', '216823538', '62409315873', '11198256754', '3988156745', '14982644485', '58455088419', '31149514'}",0,0,set(),0,0,set(),1,1,{'https://telemetr.io/en/channels/1134669863-doctorfasil'},10,73,73
53,"['charity shop', 'thriftshop', 'thriftstore', 'secondhandshop', 'charity charityshop', 'charityshop', 'thriftshopping', 'thriftstorefinds', 'charityshopfinds charityshop', 'bournemouth']",0,0,set(),68,11,"{'220258927', '12586824588', '42773412485', '18268291', '13800157', '199805942', '221350391', '3195918348', '10723109', '311326714', '50758863013'}",0,0,set(),1,1,{'41905308'},0,0,set(),12,69,69
41,"['irs', 'taxrelief2022', 'taxrelief', 'tax audit', 'taxes', 'tax', 'taxpayers', '877', 'jon', 'savemoney']",0,0,set(),66,11,"{'56263569411', '46160568072', '1686365270', '45362928008', '197579536', '188530008', '3179360396', '3311889252', '8977038079', '5567130125', '25142358624'}",1,1,{'dU3ZlFw6IEo'},0,0,set(),0,0,set(),12,67,67
56,"['donation vsf', 'donations', 'scholarship fund', 'donation', 'scholarship', 'making donation', 'scholarships', 'make donation', 'donated', 'donate today']",0,0,set(),2,2,"{'12586824588', '42773412485'}",3,3,"{'d2MJyg4mOPw', 'u7e3bAMFtd0', 'm9LH7MBxJJE'}",61,11,"{'74464632', '54203535', '44159391', '335921177', '50654477', '1304447544576167942', '2956363464', '1011989680622129153', '1161107215', '16729099', '926482707932241920'}",0,0,set(),16,66,66
54,"['grey donation', 'firefighters 2019', 'grey matters', 'firefighters agility', 'texas firefighters', 'challenge donate', 'grey', 'matters firefighters', 'firefighters', 'lion']",0,0,set(),38,8,"{'220258927', '42773412485', '13800157', '199805942', '221350391', '10723109', '311326714', '50758863013'}",0,0,set(),27,3,"{'1126977006', '17108205', '83609765'}",0,0,set(),11,65,65
47,"['pipette', '9eyes8cats pipette', 'today pipette', 'wfh pipette', 'pipette fipawareness', 'gingercatsofinstagram specialneedscat', 'diet', 'gingercatsofinstagram', 'blindcatsofinstagram gingercatsofinstagram', 'specialneedscats fipandblind']",0,0,set(),63,9,"{'451626599', '270894642', '216823538', '62409315873', '11198256754', '3988156745', '14982644485', '58455088419', '31149514'}",0,0,set(),0,0,set(),0,0,set(),9,63,63
58,"['women day', 'women', 'happy national', 'animalwellness animallovers', 'animalsupporters animalwellness', 'spca', 'animalwellness', 'speakupforthevoiceless', 'lives voiceless', 'wellness']",0,0,set(),34,28,"{'7545848711', '48311043260', '12586824588', '221350391', '311326714', '3521287788', '220258927', '31106924641', '40138370214', '490660973', '409347718', '13800157', '4618303837', '64053909150', '42773412485', '34324366', '199805942', '8554101042', '3195918348', '10723109', '50758863013', '6672372001', '5622413587', '527117560', '225193095', '7385649383', '18268291', '5481419375'}",4,4,"{'9H0ViPMutHc', '6HJ7Um_d0IE', 'giDX6ByhWO8', '03FL4z8GsZ8'}",24,7,"{'88701664', '41905308', '72198806', '1478304398', '2798759391', '907847521556471813', '1126977006'}",1,1,{'https://telemetr.io/en/channels/1134669863-doctorfasil'},40,63,63
